{
  "color": "#000000",
  "google_analytics_ID": "UA-54037920-9",
  "sub_title": "Ph.D. candidate at University of Mannheim",
  "cv_link": "assets/cv.pdf",
  "tabs": [
    "home",
    "research",
    "teaching"
  ],
  "home": {
    "description": "Welcome to my website! I am a Ph.D. candidate in Economics at University of Mannheim. My research interests are in theoretical microeconometrics and in particular in questions revolving around the evaluation of social programs.",
    "highlight": "I will be available for interviews at the 2019 ASSA meetings in ???",
    "contact": [
      {"text": "University of Mannheim"},
      {"text": "Department of Economics"},
      {"type": "email", "text": "hanno.foerster@gess.uni-mannheim.de"},
      {"type": "phone", "text": "+49 621 181 3431"}
    ],
    "fields": [
      "Applied Microeconomics",
      "Labor Economics",
      "Public Economics"
    ],
    "desire_title": "Supervisor",
    "desire": [
      "Gerard J. van den Berg"
    ]
  },
  "research": [
    {
      "title": "Working papers",
      "papers": [
        {
          "title": "Working paper title 1 [Job Market Paper]",
          "job_market_paper": true,
          "authors": ["Hanno Foerster"],
          "link": "assets/working_paper_title_1.pdf",
          "abstract": "Lorem ipsum dolor sit amet, consectetur adipiscing elit, sed do eiusmod tempor incididunt ut labore et dolore magna aliqua. Ut enim ad minim veniam, quis nostrud exercitation ullamco laboris nisi ut aliquip ex ea commodo consequat. Duis aute irure dolor in reprehenderit in voluptate velit esse cillum dolore eu fugiat nulla pariatur. Excepteur sint occaecat cupidatat non proident, sunt in culpa qui officia deserunt mollit anim id est laborum."
        },
        {
          "title": "Working paper title 2 (draft coming soon)",
          "authors": ["Hanno Foerster", "Another Person"],
          "abstract": "Lorem ipsum dolor sit amet, consectetur adipiscing elit, sed do eiusmod tempor incididunt ut labore et dolore magna aliqua. Ut enim ad minim veniam, quis nostrud exercitation ullamco laboris nisi ut aliquip ex ea commodo consequat. Duis aute irure dolor in reprehenderit in voluptate velit esse cillum dolore eu fugiat nulla pariatur. Excepteur sint occaecat cupidatat non proident, sunt in culpa qui officia deserunt mollit anim id est laborum."
        },
        {
          "title": "Working paper title 3",
          "authors": ["Hanno Foerster", "Another Person", "(Submitted)"],
          "link": "https://www.uni-mannheim.de",
          "abstract": "Lorem ipsum dolor sit amet, consectetur adipiscing elit, sed do eiusmod tempor incididunt ut labore et dolore magna aliqua. Ut enim ad minim veniam, quis nostrud exercitation ullamco laboris nisi ut aliquip ex ea commodo consequat. Duis aute irure dolor in reprehenderit in voluptate velit esse cillum dolore eu fugiat nulla pariatur. Excepteur sint occaecat cupidatat non proident, sunt in culpa qui officia deserunt mollit anim id est laborum.",
          "more_links": [
            {
              "name": "Secondary link",
              "link": "http://www.google.com"
            },
            {
              "name": "Other link",
              "link": "http://www.wikipedia.com"
            }
          ]
        }
      ]
    },
    {
      "title": "Other section",
      "papers": [
        {
          "always_expanded": true,
          "abstract": "Description of the other section as a paper item: Lorem ipsum dolor sit amet, consectetur adipiscing elit, sed do eiusmod tempor incididunt ut labore et dolore magna aliqua."
        },
        {
          "title": "Other section title 2",
          "authors": ["Hanno Foerster"],
          "abstract": "Lorem ipsum dolor sit amet, consectetur adipiscing elit, sed do eiusmod tempor incididunt ut labore et dolore magna aliqua. Ut enim ad minim veniam, quis nostrud exercitation ullamco laboris nisi ut aliquip ex ea commodo consequat. Duis aute irure dolor in reprehenderit in voluptate velit esse cillum dolore eu fugiat nulla pariatur. Excepteur sint occaecat cupidatat non proident, sunt in culpa qui officia deserunt mollit anim id est laborum."
        }
      ]
    }
  ],
  "teaching": [
    {
      "name": "X University",
      "courses": [
        {
          "name": "Course X 1",
          "semester": "Fall 2017",
          "type": "undergraduate",
          "instructor": "Teacher X 1"
        },
        {
          "name": "Course X 2",
          "semester": "Summer 2017",
          "type": "undergraduate (online)",
          "instructor": "Teacher X 2"
        }
      ]
    },
    {
      "name": "Y University",
      "courses": [
        {
          "name": "Course Y 1",
          "semester": "2010-2011",
          "type": "undergraduate",
          "instructor": "Teacher Y 1"
        }
      ]
    },
    {
      "name": "Z University",
      "courses": [
        {
          "name": "Course Z 1",
          "semester": "2009-2011",
          "type": "undergraduate",
          "instructor": "Teacher Z 1"
        },
        {
          "name": "Course Z 2",
          "semester": "2004-2009",
          "type": "undergraduate",
          "instructor": "Teacher Z 2"
        }
      ]
    }
  ]
}
